[
  {
    "id": "76e96845-1fa1-4dd5-b149-5429530fcff5",
    "data": [
      {
        "text": "53",
        "alias": "childqty",
        "meta": "@sys.number-integer",
        "userDefined": true
      },
      {
        "text": " child",
        "userDefined": false
      }
    ],
    "isTemplate": false,
    "count": 0,
    "updated": 0
  },
  {
    "id": "05915b17-b2fa-41bb-8344-89febd37082b",
    "data": [
      {
        "text": "3",
        "alias": "childqty",
        "meta": "@sys.number-integer",
        "userDefined": true
      },
      {
        "text": " childrens",
        "userDefined": false
      }
    ],
    "isTemplate": false,
    "count": 0,
    "updated": 0
  }
]