[
  {
    "id": "2f9d3b7d-5272-4a6c-9864-65285a4c5a85",
    "data": [
      {
        "text": "Hilton",
        "alias": "hotels",
        "meta": "@hotel",
        "userDefined": true
      },
      {
        "text": ", ",
        "userDefined": false
      },
      {
        "text": "Novotel",
        "alias": "hotels",
        "meta": "@hotel",
        "userDefined": true
      },
      {
        "text": ", ",
        "userDefined": false
      },
      {
        "text": "Fullerton",
        "alias": "hotels",
        "meta": "@hotel",
        "userDefined": true
      }
    ],
    "isTemplate": false,
    "count": 0,
    "updated": 0
  }
]