[
  {
    "id": "5fba7be6-efd4-4fa3-8317-9d92f2a81594",
    "data": [
      {
        "text": "3",
        "alias": "hotelrating",
        "meta": "@sys.number",
        "userDefined": true
      }
    ],
    "isTemplate": false,
    "count": 0,
    "updated": 0
  },
  {
    "id": "7a4a67ed-af39-4962-ae2e-beb5dc02725a",
    "data": [
      {
        "text": "4",
        "alias": "hotelrating",
        "meta": "@sys.number",
        "userDefined": true
      },
      {
        "text": " stars",
        "userDefined": false
      }
    ],
    "isTemplate": false,
    "count": 0,
    "updated": 0
  }
]