[
  {
    "id": "cb5d0f86-d004-41fb-9844-8fa536715050",
    "data": [
      {
        "text": "female",
        "alias": "gender",
        "meta": "@gender",
        "userDefined": true
      }
    ],
    "isTemplate": false,
    "count": 0,
    "updated": 0
  },
  {
    "id": "4181bacc-b102-4f2c-988d-d3fdadc215b4",
    "data": [
      {
        "text": "male",
        "alias": "gender",
        "meta": "@gender",
        "userDefined": true
      }
    ],
    "isTemplate": false,
    "count": 0,
    "updated": 0
  }
]