[
  {
    "id": "040ffd21-c298-4c55-9dec-b4f162481eeb",
    "data": [
      {
        "text": "solo",
        "alias": "traveltype",
        "meta": "@traveltype",
        "userDefined": true
      }
    ],
    "isTemplate": false,
    "count": 0,
    "updated": 0
  },
  {
    "id": "11758c6a-6d16-4b7f-a613-aeb2701ddc34",
    "data": [
      {
        "text": "family",
        "alias": "traveltype",
        "meta": "@traveltype",
        "userDefined": false
      }
    ],
    "isTemplate": false,
    "count": 0,
    "updated": 0
  },
  {
    "id": "bf1b170e-efe7-4387-bf0c-ab771e7ca552",
    "data": [
      {
        "text": "friends",
        "alias": "traveltype",
        "meta": "@traveltype",
        "userDefined": true
      }
    ],
    "isTemplate": false,
    "count": 0,
    "updated": 0
  }
]